Original_Index,Actual_Price,Predicted_Price
5273,89799999.99999991,14185658.871189678
5213,16799999.999999978,9155818.535532923
3167,8400000.000000006,6404617.703948515
4003,8103000.000000006,7389457.615564727
1564,6554999.999999997,7302994.157070067
4487,3499999.9999999995,6630551.378706283
3715,2287999.999999998,7276651.5979127
2146,7199999.9999999935,7341147.922381182
4916,3216999.9999999986,6404617.703948515
2857,5100000.000000003,6636940.896067509
4043,3116000.000000001,5909028.883390598
1244,4565000.0,4960452.867647484
84,8779000.000000006,6529803.327384952
453,2867000.000000002,4128748.8141929084
4732,49200000.00000003,7088240.703699423
4390,7823999.000000004,6839846.589968335
4365,4599999.999999998,9911230.82489572
497,3913000.0000000014,7843865.662317292
297,9299999.999999993,7840713.898771592
15,5080000.000000005,6132225.186075874
2689,6114000.000000001,7228220.12168182
1964,5229000.000000004,9495237.777840417
1630,7662000.0000000065,7482851.204535188
626,8073000.000000004,7715296.376754021
4122,6792000.000000001,6836121.712675006
5361,4304000.000000004,8652140.337701607
2251,4348999.999999997,7030896.032239418
1022,68999999.99999994,7492221.087635587
3630,18500000.000000034,6309053.964537005
4710,4635000.000000003,7557274.65015681
3593,4999999.999999999,6427687.082903906
3196,10499999.999999994,7201159.57239276
4128,2498999.9999999995,7298690.568936547
5392,30999999.999999978,7392411.012968705
996,9200000.000000004,8149549.186659062
4196,3335000.000000002,6395972.64616327
1400,9558000.000000002,7715767.538956021
1892,9500000.000000015,11730009.706198217
1765,12000000.000000007,6708213.603334807
2346,6300000.000000002,6390260.235188883
4749,10499999.999999994,6376185.409921999
932,4212000.000000002,4357814.289188095
2778,7645999.000000004,7704977.046533029
952,5551999.999999998,6454689.715393822
926,14299999.999999993,10594129.261793012
33,4414000.0,3937650.915169532
4265,2745000.0000000023,6060097.676535955
4641,12400000.000000017,11143608.852065705
373,5500000.000000001,5479836.650441062
3785,3099999.9999999986,6024387.300962981
4554,5500000.000000001,6554185.677129862
3256,9800000.000000007,6416137.512494301
1894,14000000.00000001,7330049.571244926
1844,4301000.0,7207492.042080438
315,9910000.000000017,7235898.301919089
1115,6999999.999999995,8077703.512051175
4612,40500000.00000005,10093683.71423855
4396,10800000.0,9296867.047707336
3247,4099999.999999998,29676799.632974967
279,7246999.999999994,5702212.000161774
4904,8086999.999999996,9823651.411567003
1032,13700000.000000017,26775261.308315974
2407,6555999.999999999,8604659.196156586
5140,3180000.000000001,6398277.738250368
3263,12000000.000000007,7464511.243887502
8,8404999.999999998,7421270.104082215
4216,6917000.000000002,8779169.000859637
3023,15000000.00000001,9609820.201730035
1194,4399999.999999997,4280810.9480463145
333,5416000.000000001,5436718.980975301
1044,3875999.999999998,4393728.257727148
3742,23500000.00000002,8490033.188425673
1623,5960999.999999999,6390260.235188883
881,4146999.9999999967,5739151.505113125
3764,6999999.999999995,6060097.676535955
2404,14600000.00000001,9848118.103901269
4116,6499999.999999999,7231122.482827651
1260,7800000.000000004,7472230.56270215
132,7210999.999999994,6080425.915423379
167,9999999.999999996,11275447.916871749
3888,4000000.0000000005,6148118.058236428
248,8298998.999999994,10417365.797980102
1860,24999999.999999963,8231235.607516514
1188,3929000.000000001,4076107.246825782
3666,8400000.000000006,7257007.5854038065
534,8191999.999999999,7803463.532807263
2922,15000000.00000001,7192162.795719296
4958,8180999.999999999,7197549.537311867
2615,11000000.000000013,12314297.327268366
1074,6687000.0,7688588.414609601
1514,4300000.000000002,4429379.931094532
807,4209000.0,4054070.7366925487
4139,3799999.9999999995,7130439.2227206305
3936,3044999.9999999995,7201159.57239276
2131,27500000.000000015,6416137.512494301
4608,33900000.00000005,9253463.590693254
1732,2400000.000000001,7070932.818021062
3388,39999999.999999985,10952078.467502741
5197,9161999.999999994,7767504.116939179
351,11500000.000000019,11885173.947433041
1902,8422999.999999994,8415194.919740371
3793,4099999.999999998,7161273.723544463
1334,3420000.000000002,4781777.937465551
4589,12000000.000000007,7422560.450345743
655,22799999.00000003,19223850.08206378
3917,8400000.000000006,7199147.756233946
5189,3612999.9999999977,6835688.019577382
4638,13300000.000000011,11328818.107502485
2885,9500000.000000015,7596492.208823199
5020,5750000.000000005,9990505.889140366
2705,7432999.9999999935,7255022.019293107
2776,8949999.99999999,7984400.293260898
1779,5900000.000000006,7286534.454267756
79,14000000.00000001,14755213.698396465
969,4557000.000000004,4454218.792083507
2584,8954000.0,9034926.245843787
3754,3099999.9999999986,6835688.019577382
2321,6000000.0,6146851.691014642
381,3822000.000000002,4018914.93082507
2022,5199999.999999999,9957131.116066625
1961,5305000.000000002,11635169.74848834
4617,28199999.999999966,18539384.79085348
4981,5750000.000000005,9836515.201279955
2144,5699999.999999996,6146851.691014642
230,4312000.0,5929235.89612176
3455,7840000.0000000065,7886280.016059185
2098,5178999.999999998,8372883.506570446
4939,17100000.00000001,11633563.537810536
3406,8120000.000000004,6180977.841811791
23,7362999.999999995,7909445.845346249
2099,7779999.999999994,6398277.738250368
1983,4399999.999999997,6390260.235188883
742,7176999.999999996,7595324.144693256
5417,8545000.000000002,6835688.019577382
240,4955999.999999999,6199134.4126527365
168,9878999.999999985,9688222.610307794
4394,5856000.000000004,8958310.038006226
1121,6498999.000000002,9887340.667083597
2437,4399999.999999997,6394512.279148441
625,6192999.999999996,6115113.599572839
530,5804000.000000001,5066530.827238136
3362,7840000.0000000065,9816786.19400267
3065,15100000.000000026,10858346.385444405
1268,5100000.000000003,5942213.1471595215
1498,8699999.999999994,8205002.79749234
1220,3900000.000000001,4226412.613025007
2227,92100000.00000004,7482851.204535188
4727,4999999.999999999,10950586.700976688
1918,10199999.999999985,7318040.39775843
2154,3711998.9999999967,7241849.341646228
3765,4319999.999999997,6276788.7209662525
3106,12099999.999999993,10228495.738546591
2420,7781999.000000002,6412387.934346768
1583,3940000.0000000023,7342291.135424242
1755,8737000.000000004,7237678.80842353
3048,2708999.999999998,6480632.8094775835
2876,5100000.000000003,8937449.435904237
3906,7593000.000000003,6314072.957715641
3532,3440998.9999999986,6378275.582521428
1526,8377999.999999994,7614254.074060557
5092,4476000.000000003,7464511.243887502
4949,64200000.00000004,9854516.351382198
371,4500000.000000002,4487798.797767499
4756,5612000.0,9816669.751691729
2418,7488000.000000001,7289278.268811785
5023,22500000.00000001,7392002.030650253
3781,3180000.000000001,9308497.800296903
2620,22200000.000000004,9268185.161268337
1407,11199999.999999998,8606964.870164432
4526,5544000.000000003,7257007.5854038065
5333,9422999.999999993,11449887.916439993
3176,5277000.000000001,7201159.57239276
3768,3044999.9999999995,6143180.45213573
1397,8676000.000000004,7296771.22796389
4238,5882999.999999996,6199520.150221706
3632,5255999.999999999,9911230.82489572
1129,17199999.99999998,14434623.08700522
5376,4305000.000000002,7323213.578606285
1942,14200000.000000004,7930786.718371572
4484,11100000.000000015,6463518.652572826
3410,8400000.000000006,7201159.57239276
3245,8499999.999999998,12724933.280325469
1158,4799999.999999999,6863373.46155897
1684,4599999.999999998,6579768.379793705
3955,4054000.000000003,6013611.297599909
2585,14000000.00000001,9034926.245843787
2907,40999999.999999985,7171455.875554757
1837,4352999.999999999,6387256.512249674
4423,5736999.999999995,7070302.4513985645
2101,3185999.999999998,6948090.064873309
798,15000000.00000001,8882231.686805628
346,7377000.0,5878096.547583885
1049,5355999.999999996,6589025.2422723
3285,35499999.999999955,7422560.450345743
3889,3799999.9999999995,6148118.058236428
80,8757999.999999994,7401021.7940873355
4246,3099999.9999999986,7106535.354548173
2611,4599999.999999998,6411956.980166122
1039,6533000.000000001,6299298.795028914
746,9620000.000000015,10148279.551705865
2197,12699999.999999996,8760407.207081914
2087,8999999.999999996,7483313.884216778
3101,3902000.0000000005,6420740.764332456
1870,7325999.999999997,7263175.804593609
4986,6359999.999999999,8115352.758324377
4470,5400000.000000005,6112571.7685846
4293,49099999.99999998,16031471.547936775
1934,8005000.0,7464511.243887502
2998,17700000.000000007,12443979.477269527
2499,4809000.0,9970264.823999627
4419,4594000.000000002,6380724.11177443
2618,9299999.999999993,10007877.924698243
505,4877999.999999997,5777771.67082572
1073,7456000.000000001,7686854.49140044
4388,6815999.999999995,6147468.000078276
691,5836999.999999998,7831978.1296415785
4751,2899000.0000000014,6655742.6662929095
683,3799999.9999999995,6025473.156271969
1893,5199999.999999999,9698344.351149624
296,9200000.000000004,7840713.898771592
2268,23599999.99999999,7135216.405924451
4586,4132999.9999999967,7392002.030650253
5246,9758000.000000011,18170952.8399675
3619,4057000.000000003,7129867.694749245
1520,10800000.0,8593077.94755696
584,2095999.9999999995,2787726.4839760177
1235,7649999.999999994,7399880.260137541
471,4298999.999999998,4761612.028299718
472,4540999.999999998,5716111.109664592
2273,5592000.000000005,7570593.556032146
1888,22200000.000000004,11632862.135595018
426,4011999.000000001,4398795.930904981
4422,4636000.000000003,7380305.523065861
2104,3205999.9999999986,5625533.696000515
2287,9025000.000000002,6413277.898670963
1047,5599999.999999999,6759146.649170124
3985,21500000.00000001,9861517.609131316
1487,9173999.999999993,5956177.167710812
2072,3195000.000000002,6573615.585362681
1760,4000000.0000000005,9433633.373434056
911,3910999.9999999986,3867514.7178990087
4428,5114999.999999996,7360186.223691409
4336,4132999.9999999967,6299549.526620741
2117,6174999.999999996,7318040.39775843
4824,14700000.000000002,11840712.14248244
3346,7208000.000000005,6315814.719612409
107,6111999.999999995,5877385.643119583
2927,6909998.999999996,6780473.055927058
1020,13400000.000000011,14690090.501982478
29,23100000.000000026,20928820.986606717
3550,2800000.000000002,7621744.1910759965
3734,8400000.000000006,9941742.272605818
4105,7020000.0,6060097.676535955
4420,5145000.000000004,7122254.171516268
1691,7599999.999999995,7598782.406705623
239,3446999.999999999,3879478.0423394577
4338,2300000.0,8698739.235825136
2388,9323999.99999999,8619110.948555738
1305,17499999.999999985,7597611.319759423
2457,6859998.999999997,6304374.262657818
2801,72099999.99999991,10608894.849601673
4119,10199999.999999985,6199520.150221706
1448,5500000.000000001,5877385.643119583
1543,12400000.000000017,7195427.331435482
4434,4880000.0,6398772.882412026
1550,9200000.000000004,12988701.744518718
1480,5670000.0,6529467.0462813
2847,7100000.000000005,6603189.137665056
2751,7845000.000000001,6410604.640221692
2339,11500000.000000019,9938552.65202539
1890,5442999.999999998,7533925.218851201
1126,7800000.000000004,7838603.24784882
2937,19299999.999999985,7445776.47909379
3697,6359999.999999999,6958180.616069669
3265,10499999.999999994,7353124.614574712
5120,5383000.000000001,7109333.484600191
589,7193999.999999998,5792123.184605298
290,28300000.0,28626274.03527228
2316,7500000.000000002,7207032.135541248
2822,3400000.000000002,9698344.351149624
1600,17299999.99999997,7519535.563513512
2124,4999999.999999999,6425092.580041905
800,7500000.000000002,7929538.471076331
1038,15000000.00000001,12070844.369919231
3161,5201999.999999996,13344933.704363773
319,5701999.999999998,5832566.220898028
4182,13400000.000000011,6117915.142341235
1295,6916000.000000003,4993876.069479876
2440,6899999.999999999,6377670.068111956
896,7150000.000000002,7549578.867060402
1361,7262000.000000006,7473048.940852359
157,6174000.000000005,5403340.032269624
65,4579999.999999997,5170433.263829144
711,56700000.00000004,43890001.42494216
4051,4143999.999999998,6577654.682725212
2142,6534000.0,7589363.269570466
1924,7451999.999999996,7068245.284037007
4500,8083000.000000003,9204043.083130319
1090,9700000.000000007,8505057.32417516
3658,7840000.0000000065,7124734.770145491
5264,8256000.000000001,7754574.045964153
1425,4831000.000000001,4705953.645112765
2497,6503999.999999994,7253598.707103327
907,30899999.999999948,27823478.22890616
2526,16200000.000000024,9883550.18581238
1818,6723999.000000002,9004743.569137264
4907,8897000.000000007,7464511.243887502
2732,9550999.999999994,9573540.53304917
5206,24700000.000000004,6314072.957715641
3483,5800000.0,6199520.150221706
4210,2745000.0000000023,6237697.835039211
5322,18500000.000000034,11381598.463794092
3661,8120000.000000004,7521810.002695542
151,7890999.999999994,7560347.962232354
544,7398000.0000000065,7263092.245208216
1420,6819000.0,6122530.190942598
1871,5780000.000000004,7212773.621470505
4490,3724999.999999997,11960179.333136141
3331,6000000.0,6321647.222499596
1406,7426000.000000003,5078019.08291131
5217,26400000.000000026,13097200.483626876
1744,25699999.99999999,21234945.831634786
4400,8120000.000000004,6612739.12867391
1261,7800000.000000004,7295820.62621199
4404,39000000.00000001,9861517.911644233
491,3085000.0000000005,3429020.863007864
787,7631998.999999996,7682781.971886775
5227,13600000.00000001,11257582.89597121
5137,11000000.000000013,7377569.41944118
4766,5445000.000000002,9800156.028715687
1103,4046000.000000001,6037381.296992701
3988,11199999.999999998,7364447.550900536
3703,8400000.000000006,7201159.57239276
2707,5462000.000000003,6333961.1418778505
1231,13899999.0,8780307.039427908
2803,20000000.000000015,12517740.171325037
439,2844000.0,3302205.064203608
251,15000000.00000001,14506118.562149758
4418,5156999.999999999,7021400.198101586
1223,5300000.000000001,6202088.448400388
2995,26799999.99999998,12541999.792046797
2715,4468999.999999998,7956455.359594023
227,5266999.999999997,6123376.781959335
1534,6331000.0,7182758.827695512
2673,11900000.00000002,9406556.695604086
4506,18600000.000000022,11360779.934697846
418,4782999.999999997,6270169.682857706
5128,6628000.000000006,7448846.165579271
5416,5229000.000000004,6373429.2234131675
3044,3213000.0000000014,7082772.414791155
2254,47499999.99999994,14540293.84214542
555,7342000.0000000065,7263092.245208216
2456,6859998.999999997,7192667.474649695
3879,3799999.9999999995,7177915.557523169
977,5963999.999999999,6239844.276484768
4339,3029999.999999998,11871377.438883772
292,23500000.00000002,21178603.54821395
2387,8499999.999999998,7464511.243887502
3964,3799999.9999999995,6013611.297599909
3660,8400000.000000006,6390260.235188883
4008,4509999.999999999,7073371.754063715
2702,7718000.000000001,7872447.472018686
4184,3859000.000000003,5892050.836512581
4030,11699999.999999993,7982094.135133564
3492,40500000.00000005,9873549.571374059
3848,3484000.0000000005,7159908.356537071
3782,30000000.00000005,7428397.330279279
1788,48099998.99999996,15682645.907877803
2323,7509998.999999997,6394512.279148441
5288,10899999.999999993,11166735.253954083
1210,8199999.999999994,7627873.688993617
2194,6355999.999999997,6146851.691014642
2622,8895999.999999996,9924784.474964289
3151,8400000.000000006,7041244.968625395
401,2252999.999999999,2648081.6145515298
410,2962000.000000001,2780793.2644718564
2596,21400000.00000002,14927748.985645173
199,6681999.000000004,7341382.153884376
2572,6711000.0,7340046.223967549
1471,5900000.000000006,5912994.145113205
3864,3098999.999999998,7119569.4337125905
2330,4927999.999999996,6374356.332622542
2974,9578999.99999999,8526198.98677525
2168,3710000.000000003,7245423.1690649465
1558,6650000.000000001,7651801.089916917
2337,10399999.999999989,8274867.808212498
468,4567999.999999996,5737518.717007264
1393,6157999.999999995,6553682.348616288
2841,12099999.999999993,9650592.615870027
5117,7248000.0,7257638.187415108
1095,8099999.999999998,7636665.237368684
964,10499999.999999994,8328002.514364105
1176,4440000.000000002,5756953.530682884
3182,3489999.9999999995,8844375.248857444
3321,3950000.0000000005,7976280.21506189
106,6436999.999999999,5966819.199575357
2057,8499999.999999998,12988701.744518718
4847,11699999.999999993,7149947.802849976
3139,15000000.00000001,8892236.057342263
1886,18899999.999999974,6390641.177682178
4353,9599999.999999998,5892050.836512581
3698,8400000.000000006,6060097.676535955
2835,4949999.999999997,11810436.44525045
1117,5499000.000000004,8632812.509750482
944,20000000.000000015,15563859.630774392
705,61099999.99999998,48315486.2765183
1728,6200000.000000005,5412362.275592025
2910,5800000.0,7270619.390440554
2845,7100000.000000005,7171455.875554757
5407,9500000.000000015,6226616.988974206
2765,4889999.999999996,7725800.802701759
2399,5069999.999999999,7390011.99395351
5280,23100000.000000026,10125246.235145506
1209,3799999.9999999995,4948463.056776695
1777,11000000.000000013,9874130.191002637
1780,6200000.000000005,7286534.454267756
4644,11399998.999999994,9155818.535532923
3126,12000000.000000007,7518809.052781178
416,2780999.999999998,2758646.503425063
5337,8484999.999999996,11171067.240101008
4323,2850999.999999998,6013611.297599909
994,14099999.999999976,10947465.057829693
1504,27799998.99999995,28669756.262732986
1374,33600000.00000002,31030273.2626354
4411,23500000.00000002,6180977.841811791
179,10700000.000000013,10181377.992963796
4427,4568999.999999997,6380724.11177443
4713,4656999.999999996,6291729.51395297
2962,8373000.000000006,10071142.491410024
577,4831000.000000001,4636896.732027635
5126,4648999.999999998,6397926.527952822
4399,4467000.0,9296867.047707336
4232,4220000.0,7170402.902749783
3100,3543999.9999999986,6420740.764332456
538,7555999.999999996,7313135.636371705
2818,16000000.000000026,7204721.816081981
4701,4995000.000000001,14686009.138678633
865,5206000.000000003,7692890.842769106
724,7756998.999999997,7580310.490493259
4504,10899999.999999993,6314088.849056928
5067,20699999.99999997,6580528.696484712
3159,4505000.000000002,7443971.649737484
4410,28300000.0,9883550.18581238
4685,9451000.000000004,11305477.572359553
2414,7655999.999999996,7464511.243887502
877,6800000.0,7489578.7295854315
4189,3900000.000000001,5960906.86946429
245,4434000.000000002,5956271.3359031575
3400,5500000.000000001,6195039.34554631
712,6593999.999999995,7667010.725133112
2881,24999999.999999963,9886331.966482015
4357,2287999.999999998,7257007.5854038065
2138,6210000.000000005,7241849.341646228
1224,4099999.999999998,4315218.265232892
422,4565000.0,5591485.91828025
5014,39999999.999999985,11200502.898551105
5404,12499999.999999985,11960179.333136141
4650,12799999.99999998,11215247.785487445
501,2925000.0000000023,5050843.166622658
2805,25399999.99999998,9835440.036335409
465,20200000.000000034,14994743.348828752
2282,10800000.0,7432099.487382261
2516,8377999.999999994,7432099.487382261
1995,4300000.000000002,7253598.707103327
3700,8400000.000000006,6103216.671156254
4379,3799999.9999999995,7129867.694749245
3269,6499999.999999999,9034926.245843787
3941,5320000.000000001,6343660.58097801
272,13499999.999999993,7281929.714145923
1699,34799999.99999998,14302767.640899934
3181,3499999.9999999995,6603150.640324559
5259,8583000.000000004,7752038.236138287
599,12000000.000000007,10639252.64387156
4549,4328000.000000004,5995222.633504073
3982,13799999.00000002,7148757.299419905
2077,16999999.999999974,11472869.890685499
3358,7840000.0000000065,7402047.531841572
747,6890000.000000002,6902079.926114508
748,9610000.000000015,10161613.163959801
5053,5834999.999999995,7505961.174047765
624,7193000.000000003,7407125.3457732145
848,11399998.999999994,9266089.832121536
598,11000000.000000013,10694328.279601317
3529,4238999.999999997,6814080.769875545
1807,13400000.000000011,7005399.532050868
1615,5328999.999999997,8851974.46100341
486,3499999.9999999995,5767106.011124487
1803,11599999.999999983,7981067.428840651
4375,2848000.0,6822065.051058772
3403,8400000.000000006,6393848.030306996
4266,3261999.0000000014,7159908.356537071
1503,6300000.000000002,6381472.066705529
3855,7840000.0000000065,6137155.068207866
4813,10899999.999999993,13059593.859967478
734,6641000.000000002,7595970.993982919
3563,9200000.000000004,7443971.649737484
4774,11000000.000000013,7127861.642312247
4858,7727999.999999995,9025336.382472297
254,12699999.999999996,8630552.184871523
2389,9323999.99999999,7464511.243887502
286,4784999.999999997,4741599.498300316
2107,3249999.9999999986,5617462.79501751
1919,11100000.000000015,7692443.944152256
4121,4940000.000000002,7470197.835100654
2370,67699999.99999994,32958547.38769196
1897,11000000.000000013,8275536.470713776
2718,8182999.999999995,7987104.57811831
393,3123999.9999999986,2971405.7210508403
4229,3099999.9999999986,7360371.963851871
553,6043000.000000005,5402716.509262923
3838,2745000.0000000023,6246124.022840339
4983,6174000.000000005,9836515.503025895
3606,6998998.999999994,8000356.026079751
1128,24000000.0,19223850.08206378
1566,9500000.000000015,6569562.732232955
4693,5422000.000000001,12285753.118452195
2543,14899999.999999996,11628410.743555017
5062,7796999.999999997,6225612.75046291
3047,4987999.999999996,6595330.11128313
765,5278999.999999999,5928357.037423294
5098,5750000.000000005,6256135.566981117
879,7199999.9999999935,7559428.658463561
794,26900000.00000002,8207910.474877371
1672,2690999.9999999986,5837513.46804153
1965,5363999.999999999,9905304.581473654
4260,3859000.000000003,7199147.756233946
1071,3372998.999999998,5315513.632359585
3880,3799999.9999999995,5990621.43368889
3557,8400000.000000006,6693140.0259347325
1433,7475999.999999997,6114437.996586892
5378,3650000.000000001,9699451.02316042
2053,9898999.999999983,11635169.74848834
1163,5738999.999999995,9531670.485273754
228,3507000.0,3956673.4646700616
2890,9500000.000000015,11458205.336298838
4786,3499999.9999999995,6117915.142341235
3965,3261999.0000000014,5974797.193931541
1593,7039999.9999999935,9987728.109433578
3950,3801000.000000003,7422560.450345743
17,5699999.999999996,5968457.24302312
4408,4849999.999999997,7387441.359583765
4707,4995000.000000001,6390260.235188883
1513,8025000.0000000065,7395071.153226645
443,3482999.9999999995,4196002.487014693
721,8352999.999999999,8628652.190809822
37,7100000.000000005,6199639.751448942
4459,3496000.0000000023,6075066.221811043
2594,12499999.999999985,13588450.924737504
4539,22999999.999999974,6282154.008628005
3501,16000000.000000026,6480666.1209929455
3802,4132999.9999999967,7199147.756233946
2471,15000000.00000001,8372883.506570446
2554,10300000.00000001,9914371.168931907
1538,10800000.0,7535730.958690526
5164,22799999.00000003,6505598.999517268
5304,25799999.99999997,11305477.572359553
1491,6999999.999999995,7315837.144659685
5234,23100000.000000026,11118318.903317127
5043,6174000.000000005,6500241.600956075
838,41199999.99999997,44777734.27048883
5244,40500000.00000005,16601342.950895136
88,3779998.9999999977,3194257.498667548
5133,8699999.999999994,7192667.474649695
3931,6580000.000000005,5934752.903849859
2899,56000000.00000003,6477776.709505944
3404,12400000.000000017,9853596.12081837
4259,8840000.000000002,7199147.756233946
1877,7144999.999999997,9856569.082979837
3873,4000000.0000000005,6145847.939605958
2874,24000000.0,8608989.16259046
144,5958000.000000002,4635408.713004782
696,74299999.99999997,66713382.88282553
4987,8081998.999999999,15212628.4317456
2948,10100000.000000006,9887779.785520151
2727,13600000.00000001,7691976.659323776
3149,7840000.0000000065,7041244.968625395
1611,5970000.000000004,8939294.093486268
2436,4700000.000000004,7202856.503927152
5265,28399999.99999998,7212773.621470505
485,4054000.000000003,5135935.196347404
4135,4236999.999999997,7119569.4337125905
1665,19499999.99999998,6379795.63236228
2503,5009000.000000004,6334512.775578836
3392,15000000.00000001,9314849.401057474
3536,4995000.000000001,6373100.999006159
4165,2548999.9999999986,6650352.145845106
4833,12799999.99999998,10077716.023542281
1858,4399999.999999997,6373429.2234131675
3095,5335000.000000002,7789537.191793709
4181,5030000.000000003,6480666.1209929455
4024,12299999.999999985,9775148.230636047
4371,9999999.999999996,10905929.299225755
3635,6527999.999999999,11976930.284783702
4864,8411000.000000006,9351211.819665903
2298,3465000.0000000023,9096974.928925745
4866,10100000.000000006,9853275.924003087
100,5035999.999999999,5928357.037423294
3296,6200000.000000005,7012329.64083065
2787,9614000.000000013,7535730.958690526
1322,11699999.999999993,11641301.573902419
1954,5328999.999999997,6513505.410787693
1747,16299998.999999989,14436218.672935344
3545,27500000.000000015,12314297.327268366
4928,6999999.999999995,7115272.372478549
4066,2975000.000000002,6060097.676535955
2451,6859998.999999997,7464511.243887502
1612,5963999.999999999,7253598.707103327
109,9412000.000000006,6298257.193808632
2222,4262000.000000001,7005399.532050868
811,6731000.000000001,7060348.278216293
5141,2300000.0,6080339.510203559
1215,12000000.000000007,11138848.72936714
2291,15799999.999999998,7318040.39775843
1505,22900000.000000037,25419362.794548307
1173,5039999.999999998,5732245.780607917
4059,8000000.000000002,6060097.676535955
5188,4132999.9999999967,9465277.908930553
4358,3799999.9999999995,7322968.917793186
5040,16000000.000000026,7115272.372478549
3945,7840000.0000000065,7137775.863456807
5108,17700000.000000007,7157690.9776882455
1025,6459999.0,6600458.24970377
4582,8120000.000000004,6266334.290744695
3817,7840000.0000000065,7422560.450345743
1168,6400000.000000001,6713146.309481023
3396,9800000.000000007,17676931.385542568
2771,8246999.999999996,9658333.09692702
3000,16600000.000000017,12755321.40247879
308,9059999.999999994,6802588.540878496
3297,8299999.999999997,6316203.121435036
2486,4297000.000000003,8842322.477324413
2217,6519000.0,6390260.235188883
3872,5900000.000000006,6112571.7685846
763,5137000.0,5824353.349733544
4275,12499999.999999985,7491966.42163373
1723,3200000.0000000023,3640678.5122510684
3970,4054000.000000003,6287019.625029876
5394,8032999.999999993,6405325.470055124
233,4139999.9999999977,5757960.495729258
1199,12099999.999999993,12509104.569258116
3905,2900000.0000000014,7293409.743957249
2877,9500000.000000015,7255622.878353001
2333,10399999.999999989,7930786.718371572
2941,8128000.000000006,9842928.944370588
4384,3044999.9999999995,5995222.633504073
1297,7451999.999999996,5974186.794378423
1468,11699999.999999993,12029907.291108493
3820,2287999.999999998,7199147.756233946
1101,4351999.999999996,6154834.079199563
44,2951000.0000000014,2894048.2198004336
1335,2820000.0,3665896.9400701756
1626,5923000.0,9014561.417291103
438,2921999.999999999,3395793.2237399896
4558,3265000.0000000014,6276788.7209662525
4962,11000000.000000013,9631722.458624158
5305,12799999.99999998,11122568.793566117
1057,5148000.0,5716597.372056736
4072,5466999.999999997,6185195.020083831
3207,30999999.999999978,7706789.59533958
149,6986000.000000003,6313491.036381634
586,8039000.0,7434343.954111561
5080,5042999.999999999,6539790.172006376
437,3372000.000000003,4094834.685531894
12,8716000.000000006,8072658.820263203
93,6147999.999999995,5559260.970256879
3826,3859000.000000003,7422560.450345743
5382,6499999.999999999,7156758.676429829
1350,11699999.999999993,11608803.808129193
642,7389000.000000004,7591848.065189982
751,7818999.999999996,7704270.126539041
3575,2899000.0000000014,6060097.676535955
4319,4236999.999999997,12882132.07744808
2465,6250000.000000005,7278308.318346814
1186,3957999.999999998,4076107.246825782
4050,2499999.9999999995,6060097.676535955
3197,8106999.000000005,7257007.5854038065
856,4799999.999999999,6124542.961886197
3849,22999999.999999974,5909028.883390598
3478,4498999.999999998,6320116.7335018525
3527,3429000.0,6379795.63236228
3933,12000000.000000007,7097501.203174988
2686,13000000.000000013,9892939.45320181
653,7900000.000000005,7621652.545057394
429,4730000.000000004,5674875.178610022
3244,4449999.999999997,7030896.032239418
3958,3806000.0000000033,6060097.676535955
3386,30399999.999999996,9993711.16564076
2157,8999999.999999996,7177915.557523169
2484,4300000.000000002,6080339.510203559
4635,8484999.999999996,11328818.107502485
63,10499999.999999994,7863062.283935328
4321,12000000.000000007,6416017.288257097
5185,11000000.000000013,6394935.323470128
4837,2899000.0000000014,9275388.527279103
925,5719000.000000002,6255432.421799418
2458,9323999.99999999,6304374.262657818
2373,72699999.99999993,52295104.700335756
4174,5936999.999999997,6373429.2234131675
1632,5780000.000000004,6780473.055927058
2748,9434999.999999996,7258878.60275232
3883,6094000.000000001,7502761.978061135
4224,3105999.9999999995,7492401.056364201
3024,14600000.00000001,11729660.544571681
5109,10199999.999999985,13862057.03628012
5298,23100000.000000026,11122568.793566117
287,4972000.000000002,5087589.453292928
3670,2848000.0,7443971.649737484
4228,6499999.999999999,5515353.154821609
3279,8400000.000000006,7005399.532050868
1200,12299999.999999985,12509104.569258116
1702,13400000.000000011,13176354.65876321
561,6000000.0,6368617.720992696
1432,6654999.999999995,5375571.306990801
3379,40099999.99999994,12408403.049679173
1536,14499999.99999999,9850942.882049736
4091,4143999.999999998,6306152.105669358
4204,5057999.999999999,5892050.836512581
1084,13799999.00000002,14273507.074964507
2688,4999999.999999999,11389696.479532953
2366,68099999.99999993,69053763.60145089
1782,58799999.99999993,24292291.01967341
4230,4491999.999999996,6060097.676535955
1881,10599999.999999996,9014042.963352723
4936,29300000.000000007,5960906.86946429
2042,5088999.999999998,9865627.596675253
4169,5301000.000000005,5669884.013039392
1586,6980000.000000006,7342291.135424242
3989,9257000.000000013,9778880.645010304
4335,2287999.999999998,7329232.013421942
2245,4060000.0,9816669.751691729
2864,4900000.000000004,7171455.875554757
4163,3089999.9999999986,9886331.966482015
776,13499999.999999993,13827162.490051486
4651,10100000.000000006,11243616.31491914
2669,11599999.999999983,9655842.898082815
3458,8400000.000000006,7521810.002695542
2741,8217000.000000001,7181949.6694560405
1658,8957999.999999987,7119290.102544469
1745,46300000.00000008,13238630.520875877
3580,5069999.999999999,6103216.671156254
2856,6800000.0,8608989.16259046
889,3219999.999999998,3826327.7661580313
5341,123000000.00000003,14712715.58987016
2187,6200000.000000005,18005000.725041818
5353,7486999.999999994,7376113.597691053
4690,12799999.99999998,11305477.572359553
4948,24000000.0,9818179.230927415
1864,6129999.999999996,7346368.029372264
1652,10800000.0,7314122.066020775
1509,36400000.000000015,47406189.126801565
414,2972999.9999999977,2780793.2644718564
1272,5100000.000000003,5951321.765009831
2960,9486000.000000006,7535730.958690526
2445,6859998.999999997,6304374.262657818
3450,8899999.999999996,7314043.4362807
5204,13300000.000000011,7709687.998364617
3957,3044999.9999999995,7043299.674757626
3542,2287999.999999998,7699680.841139495
3142,15300000.000000017,8649825.002721427
252,8899999.999999996,5177233.507655951
3654,7840000.0000000065,7255022.019293107
654,6569999.999999998,6042491.991377472
350,11800000.000000013,11690794.284229942
4792,7748998.999999994,10905929.299225755
3583,2745000.0000000023,7212773.621470505
1669,12200000.000000017,9532150.890740847
457,3009999.9999999986,4620962.670754824
2642,13899999.0,12055216.87500065
812,6384999.999999999,7070610.126148979
90,8218000.000000006,7577966.048613637
1533,6884998.999999996,6822065.051058772
2939,13600000.00000001,10551924.791257665
4825,8672000.000000004,10103479.767640969
26,4368000.000000004,4393676.704884373
1891,13600000.00000001,8730504.041789478
549,7290000.0,7246827.103298372
3077,10399999.999999989,9909870.733084414
181,9382000.000000007,9581227.621900722
1181,4783999.999999999,5716597.372056736
263,9299999.999999993,7587347.130862119
4532,5780000.000000004,7240656.1938089235
5385,10499999.999999994,6835688.019577382
4574,7500000.000000002,9854516.351382198
1438,16500000.000000013,9849334.966825983
1411,4799999.999999999,6007488.2079049265
1532,5759999.999999997,7181967.347396824
3026,15799999.999999998,11563564.59897935
4687,9422999.999999993,10986035.473119464
4918,22599999.00000001,6172298.621038083
3166,6527999.999999999,7135052.412400682
4674,13499999.999999993,9065973.923989696
4706,5781999.999999999,6134829.246670512
2550,8051000.000000004,9776424.467174834
2005,9999999.999999996,9935057.251583032
5036,2599999.9999999986,6398277.738250368
3800,4057000.000000003,7035842.681312547
3921,8400000.000000006,6944502.711734469
4464,3612999.9999999977,6091924.62454035
1912,6000000.0,7233338.322605128
2127,6210000.000000005,7318040.39775843
69,8954000.0,7329252.992487108
4888,11000000.000000013,9887779.785520151
3411,4224999.999999998,7257007.5854038065
676,33999999.99999994,27795973.982467514
4398,2950000.000000002,10001404.950447608
5324,14499999.99999999,9860416.405191947
2972,9530000.000000004,8917343.953547658
4345,3299999.9999999986,6146851.691014642
203,6120000.000000006,6472811.5300583765
810,11100000.000000015,12724103.604414618
339,5199999.999999999,3861742.630033157
3664,8400000.000000006,7422560.450345743
893,4271999.999999996,4050709.9618912577
387,3338000.000000002,3675818.086272646
4972,4771999.999999996,6181921.3214121675
2678,9221000.000000015,7127968.517079199
5249,20899999.99999997,14269317.935753275
3089,10499999.999999994,9025336.382472297
5048,12000000.000000007,7106535.354548173
3685,4057000.000000003,7199147.756233946
3484,8081998.999999999,6372495.975839879
4997,4703999.999999997,7625699.170519486
2459,6859998.999999997,7192667.474649695
5046,6359999.999999999,6836133.955993652
1344,5400000.000000005,5903689.942808083
221,4500000.000000002,4869421.517977733
677,17499999.999999985,6123442.275917794
3429,6359999.999999999,7233578.664304105
1323,11199999.999999998,11160300.628526399
2480,6498999.000000002,7464511.243887502
805,6950000.000000006,7936837.4549748665
915,13899999.0,9665016.270827798
4709,5805000.000000004,9070408.695839502
1197,20099998.999999966,21180065.0908703
4325,4236999.999999997,7155573.232371719
2311,2557999.9999999977,6067237.3362661665
3286,12000000.000000007,6390260.235188883
3539,22999999.999999974,6392146.746233041
2658,3621000.0000000014,6393495.19241942
4917,17299999.99999997,7464472.682914958
177,10300000.00000001,10212976.461838126
4356,8000000.000000002,7392002.030650253
2341,14200000.000000004,10156242.418032458
1957,13799999.00000002,9835440.036335409
4494,3029999.999999998,7105335.405157914
3589,3481999.999999999,6060097.676535955
5332,9451000.000000004,11594671.9973959
4781,4240000.000000002,6091924.62454035
3322,7380000.000000002,6379795.63236228
5414,5142999.999999997,9933262.083820509
733,9729999.999999989,13124392.032638483
605,6084999.999999998,6096828.966553214
3063,22399999.999999985,11759923.788480325
4882,11000000.000000013,9766589.29113113
2378,66799999.99999993,51479723.13073911
3528,3267000.0000000005,7699680.841139495
2488,9796000.000000002,6080339.510203559
5200,6699999.999999995,7592729.803393751
4567,5633999.999999999,6491148.808937748
527,5752000.000000003,4951747.402043551
1212,4000000.0000000005,4948463.056776695
2302,6000000.0,7256023.724337298
2648,8939999.999999996,11847295.035514252
2954,8999999.999999996,7530051.726274522
681,5500000.000000001,6470959.128358141
1454,4599999.999999998,4577651.355301185
3708,6187999.999999994,7257007.5854038065
4761,5424000.000000002,6145986.412637
1569,9239999.999999985,9583073.006334055
4095,2700000.0,6060097.676535955
4903,6659998.999999995,9031572.031259289
803,8999999.999999996,14069314.34386208
2347,6300000.000000002,7159908.356537071
2505,14000000.00000001,6851211.148165892
3390,31999999.999999955,11692998.487116197
2309,3917000.0000000014,6001724.195407172
3094,7709998.999999997,7360599.301848601
4148,2848000.0,7138759.470403211
5162,5175000.000000002,7161273.723544463
219,13700000.000000017,12375637.892333888
4664,12699999.999999996,14212844.010853129
5308,10199999.999999985,11818345.18489017
582,3980999.999999997,6706110.979568025
2619,8862999.999999994,11328626.66315113
1501,6999999.999999995,6580122.712396505
43,4562000.000000002,5530994.764983283
4343,8009998.999999996,8835384.754966589
210,4120000.0,4713421.413513249
1075,6447999.999999999,6436085.8234799
354,10599999.999999996,11587850.018260578
3409,8400000.000000006,18633797.823654175
1878,6184999.999999997,7623805.124868355
4609,23100000.000000026,17761517.76383776
479,3925000.0000000023,4274221.411115355
1281,9614000.000000013,6691824.02619711
829,10100000.000000006,10371248.54591403
1421,3872999.0,3474735.001844965
367,10300000.00000001,11274962.528633809
1412,13499999.999999993,20580637.99524992
5359,4563999.999999999,8059968.846245506
4759,5244000.000000001,6103216.671156254
2063,9638999.999999994,7483767.720188748
135,7783000.000000002,6300777.025362375
4153,6090000.000000002,6029775.998316712
47,8099999.999999998,3052476.705689319
718,6720000.000000003,7835134.516321859
1175,6459999.0,6713146.309481023
3815,6527999.999999999,7257007.5854038065
2955,9535000.000000002,7535730.958690526
2177,6400000.000000001,6115009.569374389
670,11399998.999999994,11564827.166695988
3235,8249999.9999999935,6812339.555793351
2570,6950000.000000006,7115272.372478549
1553,6599999.999999998,7302994.157070067
1144,12200000.000000017,12369631.844046582
61,4809000.0,5100794.957020663
4507,3600000.0000000014,6835688.019577382
4966,2350999.999999998,7257300.3359128395
1086,17100000.00000001,13080377.464366717
2897,3700000.000000002,7005399.532050868
95,11399998.999999994,10164835.093876855
2133,6015999.999999997,6428658.955054595
478,4426000.000000002,5295486.9542332105
121,9858999.999999987,6838384.382064349
842,32900000.000000004,32181194.133845747
2722,14399999.999999981,10913070.009099217
3011,10899999.999999993,9755116.271111675
1703,16899999.999999985,7482851.204535188
3707,2287999.999999998,7201159.57239276
2575,8903999.999999989,7469726.386796098
2749,5847999.999999995,7257007.5854038065
1485,8364999.999999996,6481852.903653597
2647,22599999.00000001,11343105.53661205
1055,5199999.999999999,5732245.780607917
693,66899999.999999925,59334097.030223496
2313,4698999.999999997,6155299.038902757
1370,40400000.000000015,35235889.593502395
322,3304000.0000000005,3628590.1737926695
5269,28199999.999999966,9352556.975470902
1545,5100000.000000003,10017284.928943515
3813,7840000.0000000065,6140546.120928467
4546,3850000.0000000005,6390260.235188883
2609,8299999.999999997,13248322.800261034
4892,11199999.999999998,7714582.916459529
2191,8005000.0,7464511.243887502
1643,8954000.0,9029101.457396729
833,6099999.999999996,6243233.207014509
2103,2852000.000000002,5647715.338985344
3070,13899999.0,10686114.01009576
1822,13200000.000000019,9520591.241900649
2395,7504000.000000005,7245423.1690649465
1813,7692000.000000006,6614874.371546855
731,6331000.0,7401749.896628819
334,11699999.999999993,17139092.44917895
291,21400000.00000002,20269654.795444455
5307,12099999.999999993,11305477.572359553
184,6278999.999999997,6294632.161241936
4862,6845999.000000002,9817575.965582153
2091,6499999.999999999,6373429.2234131675
1618,8045999.0000000065,7980712.190669754
533,6361000.000000001,6070229.1163033405
4056,6499999.999999999,6122783.325157933
1756,7816000.000000003,9728707.731115935
2351,28600000.000000026,10683759.0166089
3816,8120000.000000004,7422560.450345743
1456,5150000.000000002,6545394.281982811
3169,5661000.000000003,7422560.450345743
657,7199999.9999999935,7643074.916859142
2980,8246999.999999996,8967242.874601046
3010,11299998.999999985,9938552.65202539
4049,3311999.0000000023,5171481.620210617
2059,7931998.999999998,24292291.01967341
5287,9099999.999999985,11352369.094243485
4527,6147999.999999995,7422560.450345743
898,6849999.999999996,7300777.485368476
3994,7794000.000000005,8960873.509638002
428,4292000.0,4869324.4784723865
4157,4000000.0000000005,5859404.98947859
4078,3099999.9999999986,9079619.297205456
2276,4209000.0,7192667.474649695
1718,4000000.0000000005,6477776.709505944
5102,3700000.000000002,7402047.531841572
3801,6000000.0,6377670.068111956
4271,3099999.9999999986,6427687.082903906
3657,8120000.000000004,7041244.968625395
1966,7319999.999999996,9964350.826461123
2110,8243000.0,8577460.025752379
4501,15000000.00000001,6429228.312928998
4615,28399999.99999998,11200502.898551105
2827,3650000.000000001,7264955.647892733
4696,5781999.999999999,8006056.9670637725
4512,12899999.999999998,6184116.917343269
2517,12799999.99999998,6379795.63236228
2095,8800000.000000006,7656582.7073335955
1835,5689999.999999997,6383009.293026334
1770,23500000.00000002,6387226.822073562
4661,9486000.000000006,8136401.184245063
3001,16000000.000000026,12706829.548799433
2810,6300000.000000002,12174279.102213351
3361,4190000.000000003,7277712.647040414
3262,8099999.999999998,7464511.243887502
4909,16000000.000000026,6075674.870404822
5336,12699999.999999996,10986035.473119464
2045,24000000.0,13135598.160312463
4765,5172999.999999998,6336650.083848829
1002,31999999.999999955,28651940.90040976
1554,4669999.999999999,7692443.944152256
3381,14000000.00000001,9911230.82489572
5300,13200000.000000019,10016537.171860637
4264,15000000.00000001,5960906.86946429
764,5244000.000000001,5917129.977998916
3795,8400000.000000006,6348574.386264233
5171,2640000.0000000005,11379078.845836017
1666,18500000.000000034,10638644.049504384
3399,18600000.000000022,6431176.737515051
2242,4700000.000000004,6380724.11177443
3948,3180000.000000001,5974797.193931541
4819,22200000.000000004,16031471.547936775
1242,12400000.000000017,12537839.991757479
102,8233000.000000005,8360789.608351957
2409,7937999.999999997,9911230.82489572
4355,4577999.999999999,7422560.450345743
2215,4318000.000000004,6394512.279148441
4445,5863000.000000002,7602651.022366571
4456,5199999.999999999,6123886.965023138
70,4000000.0000000005,4513313.849997791
4102,3292999.9999999986,6505598.999517268
2303,3977999.9999999995,7256023.724337298
2638,16899999.999999985,9878737.212556908
2252,6522000.000000001,7030896.032239418
4190,4050000.0000000033,6377670.068111956
831,9801999.999999994,10672591.329003247
2348,4809000.0,7159908.356537071
2025,3870000.000000001,6426383.905641836
2692,7068000.000000004,7462178.288376597
238,3769000.0000000033,4343480.2354606725
4166,5263000.000000004,5974797.193931541
1606,6380999.999999998,9905304.581473654
3846,8120000.000000004,7340046.223967549
1921,7356000.0,7289278.268811785
1183,3761999.0000000014,3949619.4168498614
2855,24999999.999999963,7483313.884216778
1001,7298000.000000002,7615645.441805088
3339,7500000.000000002,6393225.169095876
4256,30999999.999999978,5859404.98947859
1738,34499999.99999998,3640678.5122510684
5214,21599999.999999963,11255734.422148064
957,5640000.0,3661784.648898961
3319,7400000.0,6117915.142341235
4947,24399999.999999993,9850504.97072994
4016,20000000.000000015,7422560.450345743
4590,4132999.9999999967,7437275.853964724
5207,10599999.999999996,13135787.177078879
4093,3945999.9999999977,6693140.0259347325
3075,11399998.999999994,9909870.733084414
2209,15799999.999999998,7798913.374004634
1034,7180000.000000005,7617285.295432896
3555,4057000.000000003,6029775.998316712
931,4655999.999999996,5418590.284177243
4950,3335000.000000002,6091924.62454035
2764,10100000.000000006,7598992.793208334
633,6057999.999999998,6076686.909691603
2405,16999999.999999974,9816786.19400267
498,3561999.0000000014,7026449.579629021
3128,11100000.000000015,8015963.553617828
415,4870000.000000003,5647929.459997683
4361,3799999.9999999995,9933262.083820509
4643,13200000.000000019,11215247.785487445
1717,4599999.999999998,6477776.709505944
1302,40299999.99999993,33350946.905718468
757,9709000.0,10183758.584538627
1094,9800000.000000007,8229761.523205536
1041,7466999.999999999,7868275.680921451
1617,8717000.0,9668881.62336366
2450,9299999.999999993,6304374.262657818
4448,4057000.000000003,6380724.11177443
3929,7840000.0000000065,6060097.676535955
596,11500000.000000019,10601041.99885809
1743,31900000.000000045,14436218.672935344
1598,20599999.99999997,6131623.654730438
5266,8459999.999999993,9069253.731385125
652,9800000.000000007,8108368.9675476365
1907,12099999.999999993,6852756.898659241
4337,7445999.000000001,6024387.300962981
4952,7263000.000000006,12419187.036586842
